{
  "reference_period": "2025-09",
  "fetched_at": "2026-02-04T01:21:09.218Z",
  "metrics": {
    "cpi_yoy": {
      "raw_value": 324.8,
      "display_value": 324.8,
      "unit": "number",
      "scale": 1,
      "precision": 2
    },
    "cpi_mom": {
      "raw_value": 324.8,
      "display_value": 324.8,
      "unit": "percent",
      "scale": 1,
      "precision": 1
    },
    "core_yoy": {
      "raw_value": 330.804,
      "display_value": 330.8,
      "unit": "number",
      "scale": 1,
      "precision": 2
    }
  },
  "deltas": {
    "cpi_yoy": {
      "raw_value": 0.8199999999999932,
      "display_value": 0.82,
      "unit": "number",
      "precision": 2
    },
    "cpi_mom": {
      "raw_value": 0.8000000000000114,
      "display_value": 0.8,
      "unit": "percent",
      "precision": 1
    },
    "core_yoy": {
      "raw_value": 0.8299999999999841,
      "display_value": 0.83,
      "unit": "number",
      "precision": 2
    }
  },
  "comparisons": {
    "prior_release": {
      "cpi_yoy": {
        "raw_value": 0.8199999999999932,
        "display_value": 0.82,
        "unit": "number",
        "precision": 2
      },
      "cpi_mom": {
        "raw_value": 0.8000000000000114,
        "display_value": 0.8,
        "unit": "percent",
        "precision": 1
      },
      "core_yoy": {
        "raw_value": 0.8299999999999841,
        "display_value": 0.83,
        "unit": "number",
        "precision": 2
      }
    },
    "twelve_month_average": {
      "cpi_yoy": 320,
      "cpi_mom": 320,
      "core_yoy": 326.1
    },
    "trend": {
      "cpi_yoy": [
        null,
        null,
        null,
        308.42,
        310.33,
        312.33,
        313.55,
        314.07,
        314.18,
        314.54,
        314.8,
        315.3,
        315.66,
        315.49,
        315.61,
        317.67,
        319.08,
        319.8,
        320.8,
        321.46,
        322.56,
        323.05,
        323.98,
        324.8
      ],
      "cpi_mom": [
        null,
        null,
        null,
        308.4,
        310.3,
        312.3,
        313.5,
        314.1,
        314.2,
        314.5,
        314.8,
        315.3,
        315.7,
        315.5,
        315.6,
        317.7,
        319.1,
        319.8,
        320.8,
        321.5,
        322.6,
        323,
        324,
        324.8
      ],
      "core_yoy": [
        null,
        null,
        null,
        313.62,
        315.42,
        317.09,
        317.98,
        318.63,
        319,
        319.21,
        320.02,
        321.11,
        321.76,
        321.95,
        322.01,
        323.84,
        325.25,
        325.93,
        326.82,
        327.51,
        328.36,
        328.98,
        329.97,
        330.8
      ]
    }
  }
}