{
  "reference_period": "2025-08",
  "fetched_at": "2026-02-04T01:21:09.218Z",
  "metrics": {
    "cpi_yoy": {
      "raw_value": 323.976,
      "display_value": 323.98,
      "unit": "number",
      "scale": 1,
      "precision": 2
    },
    "cpi_mom": {
      "raw_value": 323.976,
      "display_value": 324,
      "unit": "percent",
      "scale": 1,
      "precision": 1
    },
    "core_yoy": {
      "raw_value": 329.97,
      "display_value": 329.97,
      "unit": "number",
      "scale": 1,
      "precision": 2
    }
  },
  "deltas": {
    "cpi_yoy": {
      "raw_value": 0.9300000000000068,
      "display_value": 0.93,
      "unit": "number",
      "precision": 2
    },
    "cpi_mom": {
      "raw_value": 1,
      "display_value": 1,
      "unit": "percent",
      "precision": 1
    },
    "core_yoy": {
      "raw_value": 0.9900000000000091,
      "display_value": 0.99,
      "unit": "number",
      "precision": 2
    }
  },
  "comparisons": {
    "prior_release": {
      "cpi_yoy": {
        "raw_value": 0.9300000000000068,
        "display_value": 0.93,
        "unit": "number",
        "precision": 2
      },
      "cpi_mom": {
        "raw_value": 1,
        "display_value": 1,
        "unit": "percent",
        "precision": 1
      },
      "core_yoy": {
        "raw_value": 0.9900000000000091,
        "display_value": 0.99,
        "unit": "number",
        "precision": 2
      }
    },
    "twelve_month_average": {
      "cpi_yoy": 319.21,
      "cpi_mom": 319.2,
      "core_yoy": 325.29
    },
    "trend": {
      "cpi_yoy": [
        null,
        null,
        null,
        null,
        308.42,
        310.33,
        312.33,
        313.55,
        314.07,
        314.18,
        314.54,
        314.8,
        315.3,
        315.66,
        315.49,
        315.61,
        317.67,
        319.08,
        319.8,
        320.8,
        321.46,
        322.56,
        323.05,
        323.98
      ],
      "cpi_mom": [
        null,
        null,
        null,
        null,
        308.4,
        310.3,
        312.3,
        313.5,
        314.1,
        314.2,
        314.5,
        314.8,
        315.3,
        315.7,
        315.5,
        315.6,
        317.7,
        319.1,
        319.8,
        320.8,
        321.5,
        322.6,
        323,
        324
      ],
      "core_yoy": [
        null,
        null,
        null,
        null,
        313.62,
        315.42,
        317.09,
        317.98,
        318.63,
        319,
        319.21,
        320.02,
        321.11,
        321.76,
        321.95,
        322.01,
        323.84,
        325.25,
        325.93,
        326.82,
        327.51,
        328.36,
        328.98,
        329.97
      ]
    }
  }
}