{
  "reference_period": "2025-06",
  "fetched_at": "2026-02-04T01:21:09.216Z",
  "metrics": {
    "cpi_yoy": {
      "raw_value": 322.561,
      "display_value": 322.56,
      "unit": "number",
      "scale": 1,
      "precision": 2
    },
    "cpi_mom": {
      "raw_value": 322.561,
      "display_value": 322.6,
      "unit": "percent",
      "scale": 1,
      "precision": 1
    },
    "core_yoy": {
      "raw_value": 328.364,
      "display_value": 328.36,
      "unit": "number",
      "scale": 1,
      "precision": 2
    }
  },
  "deltas": {
    "cpi_yoy": {
      "raw_value": 1.1000000000000227,
      "display_value": 1.1,
      "unit": "number",
      "precision": 2
    },
    "cpi_mom": {
      "raw_value": 1.1000000000000227,
      "display_value": 1.1,
      "unit": "percent",
      "precision": 1
    },
    "core_yoy": {
      "raw_value": 0.8500000000000227,
      "display_value": 0.85,
      "unit": "number",
      "precision": 2
    }
  },
  "comparisons": {
    "prior_release": {
      "cpi_yoy": {
        "raw_value": 1.1000000000000227,
        "display_value": 1.1,
        "unit": "number",
        "precision": 2
      },
      "cpi_mom": {
        "raw_value": 1.1000000000000227,
        "display_value": 1.1,
        "unit": "percent",
        "precision": 1
      },
      "core_yoy": {
        "raw_value": 0.8500000000000227,
        "display_value": 0.85,
        "unit": "number",
        "precision": 2
      }
    },
    "twelve_month_average": {
      "cpi_yoy": 317.73,
      "cpi_mom": 317.7,
      "core_yoy": 323.65
    },
    "trend": {
      "cpi_yoy": [
        null,
        null,
        null,
        null,
        null,
        null,
        308.42,
        310.33,
        312.33,
        313.55,
        314.07,
        314.18,
        314.54,
        314.8,
        315.3,
        315.66,
        315.49,
        315.61,
        317.67,
        319.08,
        319.8,
        320.8,
        321.46,
        322.56
      ],
      "cpi_mom": [
        null,
        null,
        null,
        null,
        null,
        null,
        308.4,
        310.3,
        312.3,
        313.5,
        314.1,
        314.2,
        314.5,
        314.8,
        315.3,
        315.7,
        315.5,
        315.6,
        317.7,
        319.1,
        319.8,
        320.8,
        321.5,
        322.6
      ],
      "core_yoy": [
        null,
        null,
        null,
        null,
        null,
        null,
        313.62,
        315.42,
        317.09,
        317.98,
        318.63,
        319,
        319.21,
        320.02,
        321.11,
        321.76,
        321.95,
        322.01,
        323.84,
        325.25,
        325.93,
        326.82,
        327.51,
        328.36
      ]
    }
  }
}